<?xml version = '1.0' encoding = 'UTF-8'?>
<Diagram class="oracle.dbtools.crest.swingui.relational.DPVRelational" name="Relational_1" id="9C35F8D0-4358-4B17-D90E-6D829A9CAE7E">
<createdBy>kante</createdBy>
<modifiedBy>kante</modifiedBy>
<createdTime>2023-10-21 14:55:53 UTC</createdTime>
<autoRoute>false</autoRoute>
<boxInbox>true</boxInbox>
<showLegend>false</showLegend>
<showLabels>false</showLabels>
<showRelAttributes>false</showRelAttributes>
<gridEnabled>false</gridEnabled>
<showGrid>false</showGrid>
<diagramColor>-1</diagramColor>
<display>false</display>
<notation>1</notation>
<objectViews>
<OView class="oracle.dbtools.crest.swingui.relational.TVTable" oid="14BD1ADF-1693-DFE7-11AB-0C6C2BDD7F6C" otype="Table" vid="3EEB2446-1E13-14F6-839D-0592FB9535B1">
<hideElementsInCurrentOnly>false</hideElementsInCurrentOnly>
<bounds x="763" y="348" width="170" height="146"/>
</OView>
<OView class="oracle.dbtools.crest.swingui.relational.TVTable" oid="25C47C45-2BCF-85E1-F0F9-11E498A0213C" otype="Table" vid="E85C203B-A351-F435-A3B2-918F85CB24A9">
<hideElementsInCurrentOnly>false</hideElementsInCurrentOnly>
<bounds x="419" y="243" width="251" height="149"/>
</OView>
<OView class="oracle.dbtools.crest.swingui.relational.TVTable" oid="523F51E6-D3EB-468B-EC0B-C4B5973734F9" otype="Table" vid="5DC8B138-6068-A72D-2EA4-4A21D39D4CFB">
<hideElementsInCurrentOnly>false</hideElementsInCurrentOnly>
<bounds x="851" y="150" width="229" height="162"/>
</OView>
<OView class="oracle.dbtools.crest.swingui.relational.TVTable" oid="897E40C2-1306-CA3D-662F-E14F69239336" otype="Table" vid="43DE13CE-1EC1-24D3-B80A-9543A6EF8356">
<hideElementsInCurrentOnly>false</hideElementsInCurrentOnly>
<bounds x="36" y="362" width="277" height="262"/>
</OView>
<OView class="oracle.dbtools.crest.swingui.relational.TVTable" oid="B4C91288-A161-49BD-6E6D-E38DC6F7C79A" otype="Table" vid="364327BD-825A-5CF9-0061-776B56E6A202">
<hideElementsInCurrentOnly>false</hideElementsInCurrentOnly>
<bounds x="68" y="26" width="254" height="299"/>
</OView>
<OView class="oracle.dbtools.crest.swingui.relational.TVTable" oid="BECBF748-3AC0-2E99-0292-129613CCC436" otype="Table" vid="7170EA49-86CB-67A8-7EF1-37DC54F649CD">
<hideElementsInCurrentOnly>false</hideElementsInCurrentOnly>
<bounds x="521" y="33" width="207" height="144"/>
</OView>
</objectViews>
<connectors>
<Connector class="oracle.dbtools.crest.swingui.relational.TVFKRelation" oid="0436DD67-C558-B753-4E09-10A621BC8F17" otype="FKIndexAssociation" vid_source="364327BD-825A-5CF9-0061-776B56E6A202" vid_target="5DC8B138-6068-A72D-2EA4-4A21D39D4CFB">
<hideElementsInCurrentOnly>false</hideElementsInCurrentOnly>
<lineWidth>1</lineWidth>
<points>
<point x="322" y="231"/>
<point x="851" y="231"/>
</points>
</Connector>
<Connector class="oracle.dbtools.crest.swingui.relational.TVFKRelation" oid="0B120ABF-FF99-D7E3-1AAD-1DCC11E1D631" otype="FKIndexAssociation" vid_source="7170EA49-86CB-67A8-7EF1-37DC54F649CD" vid_target="364327BD-825A-5CF9-0061-776B56E6A202">
<hideElementsInCurrentOnly>false</hideElementsInCurrentOnly>
<lineWidth>1</lineWidth>
<points>
<point x="521" y="105"/>
<point x="322" y="105"/>
</points>
</Connector>
<Connector class="oracle.dbtools.crest.swingui.relational.TVFKRelation" oid="6C648E34-9050-186D-DD2C-F17A7576E952" otype="FKIndexAssociation" vid_source="3EEB2446-1E13-14F6-839D-0592FB9535B1" vid_target="43DE13CE-1EC1-24D3-B80A-9543A6EF8356">
<hideElementsInCurrentOnly>false</hideElementsInCurrentOnly>
<lineWidth>1</lineWidth>
<points>
<point x="763" y="438"/>
<point x="313" y="438"/>
</points>
</Connector>
<Connector class="oracle.dbtools.crest.swingui.relational.TVFKRelation" oid="C11CA111-F489-06CF-B619-AC798BAB3561" otype="FKIndexAssociation" vid_source="43DE13CE-1EC1-24D3-B80A-9543A6EF8356" vid_target="E85C203B-A351-F435-A3B2-918F85CB24A9">
<hideElementsInCurrentOnly>false</hideElementsInCurrentOnly>
<lineWidth>1</lineWidth>
<points>
<point x="313" y="377"/>
<point x="419" y="377"/>
</points>
</Connector>
<Connector class="oracle.dbtools.crest.swingui.relational.TVFKRelation" oid="C24B76FE-F71F-4744-4879-EF29DB036D2C" otype="FKIndexAssociation" vid_source="364327BD-825A-5CF9-0061-776B56E6A202" vid_target="43DE13CE-1EC1-24D3-B80A-9543A6EF8356">
<hideElementsInCurrentOnly>false</hideElementsInCurrentOnly>
<lineWidth>1</lineWidth>
<points>
<point x="190" y="325"/>
<point x="190" y="362"/>
</points>
</Connector>
</connectors>
</Diagram>