<?xml version = '1.0' encoding = 'UTF-8'?>
<Table class="oracle.dbtools.crest.model.design.relational.Table" directorySegmentName="seg_0" id="BECBF748-3AC0-2E99-0292-129613CCC436" name="Owner">
<createdBy>kante</createdBy>
<createdTime>2023-10-21 15:31:45 UTC</createdTime>
<generatorID>1D9BEEB2-6A31-DFC6-E580-A6D10CBC107A</generatorID>
<ownerDesignName>Erd</ownerDesignName>
<allowColumnReorder>false</allowColumnReorder>
<existDependencyGenerateInDDl>true</existDependencyGenerateInDDl>
<parsed>true</parsed>
<columns itemClass="oracle.dbtools.crest.model.design.relational.Column">
<Column name="O_id" id="335E468D-B0D3-5C71-3A42-E5E417D81C8D">
<createdBy>kante</createdBy>
<createdTime>2023-10-21 15:31:45 UTC</createdTime>
<generatorID>E1896BFA-78CC-5449-B192-ED1DBB1A5FBD</generatorID>
<ownerDesignName>Erd</ownerDesignName>
<useDomainConstraints>false</useDomainConstraints>
<use>1</use>
<logicalDatatype>LOGDT024</logicalDatatype>
<dataTypeSize>20</dataTypeSize>
<ownDataTypeParameters>20,,</ownDataTypeParameters>
<autoIncrementCycle>false</autoIncrementCycle>
</Column>
<Column name="Name" id="E9E0D90D-0E18-492C-CFEA-7C2349919139">
<createdBy>kante</createdBy>
<createdTime>2023-10-21 15:31:45 UTC</createdTime>
<generatorID>F6DFEC57-5EB5-5C6F-C240-FC6694119E11</generatorID>
<ownerDesignName>Erd</ownerDesignName>
<useDomainConstraints>false</useDomainConstraints>
<use>1</use>
<logicalDatatype>LOGDT024</logicalDatatype>
<dataTypeSize>50</dataTypeSize>
<ownDataTypeParameters>50,,</ownDataTypeParameters>
<autoIncrementCycle>false</autoIncrementCycle>
</Column>
<Column name="Address" id="2847BF47-C5A6-3ACD-ACC0-E9B7B1F8F4E8">
<createdBy>kante</createdBy>
<createdTime>2023-10-21 15:31:45 UTC</createdTime>
<generatorID>D9710AE8-FA71-6BB4-2D72-17EEDD174662</generatorID>
<ownerDesignName>Erd</ownerDesignName>
<useDomainConstraints>false</useDomainConstraints>
<use>1</use>
<logicalDatatype>A3A3C77D-0366-9768-FF89-1C25E56881C8</logicalDatatype>
<ownDataTypeParameters>,,</ownDataTypeParameters>
<autoIncrementCycle>false</autoIncrementCycle>
</Column>
<Column name="Number" id="51F6F37D-2D11-E160-7B80-278D6FCA29AF">
<createdBy>kante</createdBy>
<createdTime>2023-10-21 15:31:45 UTC</createdTime>
<generatorID>99655B07-9D39-781B-9C19-3B63E18008B5</generatorID>
<ownerDesignName>Erd</ownerDesignName>
<useDomainConstraints>false</useDomainConstraints>
<use>1</use>
<logicalDatatype>LOGDT024</logicalDatatype>
<dataTypeSize>13</dataTypeSize>
<ownDataTypeParameters>13,,</ownDataTypeParameters>
<autoIncrementCycle>false</autoIncrementCycle>
</Column>
<Column name="Gender" id="DD5F9F7B-312B-6490-2A33-292EC56C08CE">
<createdBy>kante</createdBy>
<createdTime>2023-10-21 15:31:45 UTC</createdTime>
<generatorID>ACED36F8-C50A-BF35-CE42-226E7FB2DCAE</generatorID>
<ownerDesignName>Erd</ownerDesignName>
<useDomainConstraints>false</useDomainConstraints>
<use>1</use>
<logicalDatatype>LOGDT024</logicalDatatype>
<dataTypeSize>1</dataTypeSize>
<ownDataTypeParameters>1,,</ownDataTypeParameters>
<autoIncrementCycle>false</autoIncrementCycle>
</Column>
</columns>
<indexes itemClass="oracle.dbtools.crest.model.design.relational.Index">
<ind_PK_UK id="1AF512D7-BD80-32B5-6E19-EFD8A1D5F61C" name="Owner_PK">
<createdBy>kante</createdBy>
<createdTime>2023-10-21 15:31:45 UTC</createdTime>
<generatorID>08F5B14E-3F37-EFBA-15E0-A50367D9E194</generatorID>
<ownerDesignName>Erd</ownerDesignName>
<pk>true</pk>
<indexState>Primary Constraint</indexState>
<isSurrogateKey>false</isSurrogateKey>
<indexColumnUsage>
<colUsage columnID="335E468D-B0D3-5C71-3A42-E5E417D81C8D"/>
</indexColumnUsage>
</ind_PK_UK>
</indexes>
</Table>