<?xml version = '1.0' encoding = 'UTF-8'?>
<Entity class="oracle.dbtools.crest.model.design.logical.Entity" directorySegmentName="seg_0" id="1D9BEEB2-6A31-DFC6-E580-A6D10CBC107A" name="Owner">
<createdBy>kante</createdBy>
<createdTime>2023-10-21 15:04:39 UTC</createdTime>
<ownerDesignName>Erd</ownerDesignName>
<engineerTo>
<item key="55F921CB-7B8B-FD50-51D4-46862173E9EA" value="true"/>
</engineerTo>
<adequatelyNormalized>NO</adequatelyNormalized>
<expectedVolumes>0</expectedVolumes>
<fwdEngineeringStrategyName>Single Table</fwdEngineeringStrategyName>
<growthPercent>0</growthPercent>
<growthType>Year</growthType>
<maxVolumes>9999999</maxVolumes>
<minVolumes>0</minVolumes>
<normalForm>Third</normalForm>
<attributes itemClass="oracle.dbtools.crest.model.design.logical.Attribute">
<Attribute name="O id" id="E1896BFA-78CC-5449-B192-ED1DBB1A5FBD">
<createdBy>kante</createdBy>
<createdTime>2023-10-21 15:04:48 UTC</createdTime>
<ownerDesignName>Erd</ownerDesignName>
<engineerTo>
<item key="55F921CB-7B8B-FD50-51D4-46862173E9EA" value="true"/>
</engineerTo>
<useDomainConstraints>false</useDomainConstraints>
<use>1</use>
<logicalDatatype>LOGDT024</logicalDatatype>
<dataTypeSize>20</dataTypeSize>
<ownDataTypeParameters>20,,</ownDataTypeParameters>
</Attribute>
<Attribute name="Name" id="F6DFEC57-5EB5-5C6F-C240-FC6694119E11">
<createdBy>kante</createdBy>
<createdTime>2023-10-21 15:05:09 UTC</createdTime>
<ownerDesignName>Erd</ownerDesignName>
<engineerTo>
<item key="55F921CB-7B8B-FD50-51D4-46862173E9EA" value="true"/>
</engineerTo>
<useDomainConstraints>false</useDomainConstraints>
<use>1</use>
<logicalDatatype>LOGDT024</logicalDatatype>
<dataTypeSize>50</dataTypeSize>
<ownDataTypeParameters>50,,</ownDataTypeParameters>
</Attribute>
<Attribute name="Address" id="D9710AE8-FA71-6BB4-2D72-17EEDD174662">
<createdBy>kante</createdBy>
<createdTime>2023-10-21 15:05:22 UTC</createdTime>
<ownerDesignName>Erd</ownerDesignName>
<engineerTo>
<item key="55F921CB-7B8B-FD50-51D4-46862173E9EA" value="true"/>
</engineerTo>
<useDomainConstraints>false</useDomainConstraints>
<use>1</use>
<logicalDatatype>A3A3C77D-0366-9768-FF89-1C25E56881C8</logicalDatatype>
<ownDataTypeParameters>,,</ownDataTypeParameters>
</Attribute>
<Attribute name="Number" id="99655B07-9D39-781B-9C19-3B63E18008B5">
<createdBy>kante</createdBy>
<createdTime>2023-10-21 15:05:42 UTC</createdTime>
<ownerDesignName>Erd</ownerDesignName>
<engineerTo>
<item key="55F921CB-7B8B-FD50-51D4-46862173E9EA" value="true"/>
</engineerTo>
<useDomainConstraints>false</useDomainConstraints>
<use>1</use>
<logicalDatatype>LOGDT024</logicalDatatype>
<dataTypeSize>13</dataTypeSize>
<ownDataTypeParameters>13,,</ownDataTypeParameters>
</Attribute>
<Attribute name="Gender" id="ACED36F8-C50A-BF35-CE42-226E7FB2DCAE">
<createdBy>kante</createdBy>
<createdTime>2023-10-21 15:05:59 UTC</createdTime>
<ownerDesignName>Erd</ownerDesignName>
<engineerTo>
<item key="55F921CB-7B8B-FD50-51D4-46862173E9EA" value="true"/>
</engineerTo>
<useDomainConstraints>false</useDomainConstraints>
<use>1</use>
<logicalDatatype>LOGDT024</logicalDatatype>
<dataTypeSize>1</dataTypeSize>
<ownDataTypeParameters>1,,</ownDataTypeParameters>
</Attribute>
</attributes>
<identifiers itemClass="oracle.dbtools.crest.model.design.logical.CandidateKey">
<identifier id="08F5B14E-3F37-EFBA-15E0-A50367D9E194" name="Owner PK">
<createdBy>kante</createdBy>
<createdTime>2023-10-21 15:05:06 UTC</createdTime>
<ownerDesignName>Erd</ownerDesignName>
<shouldEngineer>false</shouldEngineer>
<engineerTo>
<item key="55F921CB-7B8B-FD50-51D4-46862173E9EA" value="false"/>
</engineerTo>
<pk>true</pk>
<usedAttributes>
<attributeRef>E1896BFA-78CC-5449-B192-ED1DBB1A5FBD</attributeRef>
</usedAttributes>
</identifier>
</identifiers>
</Entity>