<?xml version = '1.0' encoding = 'UTF-8'?>
<Entity class="oracle.dbtools.crest.model.design.logical.Entity" directorySegmentName="seg_0" id="AE9DB9B0-5CF3-0DC6-6B48-63BDF0FB4200" name="Transactions">
<createdBy>kante</createdBy>
<createdTime>2023-10-21 15:20:05 UTC</createdTime>
<ownerDesignName>Erd</ownerDesignName>
<engineerTo>
<item key="55F921CB-7B8B-FD50-51D4-46862173E9EA" value="true"/>
</engineerTo>
<adequatelyNormalized>NO</adequatelyNormalized>
<expectedVolumes>0</expectedVolumes>
<fwdEngineeringStrategyName>Single Table</fwdEngineeringStrategyName>
<growthPercent>0</growthPercent>
<growthType>Year</growthType>
<maxVolumes>9999999</maxVolumes>
<minVolumes>0</minVolumes>
<normalForm>Third</normalForm>
<attributes itemClass="oracle.dbtools.crest.model.design.logical.Attribute">
<Attribute name="T id" id="E06C6CD1-F9E5-CB53-157D-E13AA9AFACFF">
<createdBy>kante</createdBy>
<createdTime>2023-10-21 15:20:13 UTC</createdTime>
<ownerDesignName>Erd</ownerDesignName>
<engineerTo>
<item key="55F921CB-7B8B-FD50-51D4-46862173E9EA" value="true"/>
</engineerTo>
<useDomainConstraints>false</useDomainConstraints>
<use>1</use>
<logicalDatatype>LOGDT024</logicalDatatype>
<dataTypeSize>20</dataTypeSize>
<ownDataTypeParameters>20,,</ownDataTypeParameters>
</Attribute>
<Attribute name="Rental Registration Reg id" id="DEEEC285-EC56-D423-783E-D3C859742BC4">
<createdBy>kante</createdBy>
<createdTime>2023-10-21 15:29:02 UTC</createdTime>
<generatorID>4F12CD6B-1FB4-E80B-EEA2-F8B315AE0471</generatorID>
<ownerDesignName>Erd</ownerDesignName>
<engineerTo>
<item key="55F921CB-7B8B-FD50-51D4-46862173E9EA" value="true"/>
</engineerTo>
<referedAttribute>F187B278-2FC1-1288-FAA7-E0D85E55B854</referedAttribute>
<useDomainConstraints>false</useDomainConstraints>
<use>1</use>
<logicalDatatype>LOGDT024</logicalDatatype>
<dataTypeSize>20</dataTypeSize>
<ownDataTypeParameters>20,,</ownDataTypeParameters>
</Attribute>
</attributes>
<identifiers itemClass="oracle.dbtools.crest.model.design.logical.CandidateKey">
<identifier id="3D23552C-EBB0-F703-82AC-ADAFA29D97AC" name="Transactions PK">
<createdBy>kante</createdBy>
<createdTime>2023-10-21 15:20:40 UTC</createdTime>
<ownerDesignName>Erd</ownerDesignName>
<shouldEngineer>false</shouldEngineer>
<engineerTo>
<item key="55F921CB-7B8B-FD50-51D4-46862173E9EA" value="false"/>
</engineerTo>
<pk>true</pk>
<usedAttributes>
<attributeRef>E06C6CD1-F9E5-CB53-157D-E13AA9AFACFF</attributeRef>
</usedAttributes>
</identifier>
</identifiers>
</Entity>